{
  "resource_pack_name": "Furnicraft[Resource]",
  "texture_name": "atlas.items",
  "texture_data": {
    "egg_camel": {
      "textures": "textures/items/egg_camel"
    },
    "egg_lion": {
      "textures": "textures/items/egg_lion"
    },
    "egg_penguin": {
      "textures": "textures/items/egg_penguin"
    },
    "egg_tiger": {
      "textures": "textures/items/egg_tiger"
    },
    "egg_elephant": {
      "textures": "textures/items/egg_elephant"
    },
    "egg_deer": {
      "textures": "textures/items/egg_deer"
    },
    "egg_panther": {
      "textures": "textures/items/egg_panther"
    },
    "egg_frog": {
      "textures": "textures/items/egg_frog"
    },
    "egg_crocodile": {
      "textures": "textures/items/egg_crocodile"
    },
    "egg_mouse": {
      "textures": "textures/items/egg_mouse"
    },
    "gallardo": {
      "textures": "textures/items/gallardo"
    },
    "bench": {
      "textures": "textures/items/bench"
    },
    "christmas_tree": {
      "textures": "textures/items/christmas_tree"
    },
    "tivi": {
      "textures": "textures/items/tivi"
    },
    "closet": {
      "textures": "textures/items/closet"
    },
    "laptop": {
      "textures": "textures/items/laptop"
    },
    "piano": {
      "textures": "textures/items/piano"
    },
    "armchairs": {
      "textures": "textures/items/armchairs"
    },
    "chair": {
      "textures": "textures/items/chair"
    },
    "big_table": {
      "textures": "textures/items/big_table"
    },
    "small_table": {
      "textures": "textures/items/small_table"
    },
    "drone": {
      "textures": "textures/items/drone"
    },
    "colorful_gifts": {
      "textures": "textures/items/colorful_gifts"
    },
    "pa:iron_hammer": {
      "textures": "textures/items/pamobile/pa_iron_hammer"
    },
    "pa:steel_katana": {
      "textures": "textures/items/pamobile/pa_steel_katana"
    },
    "pa:iron_knife": {
      "textures": "textures/items/pamobile/pa_iron_knife"
    },
    "pa:iron_greatsword": {
      "textures": "textures/items/pamobile/pa_iron_greatsword"
    },
    "pa:iron_lance": {
      "textures": "textures/items/pamobile/pa_iron_lance"
    },
    "pa:metal_stick": {
      "textures": "textures/items/pamobile/pa_metal_stick"
    },
    "pa:steel_sword": {
      "textures": "textures/items/pamobile/pa_steel_sword"
    },
    "pa:iron_rapier": {
      "textures": "textures/items/pamobile/pa_iron_rapier"
    },
    "pa:iron_glaive": {
      "textures": "textures/items/pamobile/pa_iron_glaive"
    },
    "pa:iron_longsword": {
      "textures": "textures/items/pamobile/pa_iron_longsword"
    },
    "pa:steel_mace": {
      "textures": "textures/items/pamobile/pa_steel_mace"
    },
    "pa:steel_ingot": {
      "textures": "textures/items/pamobile/pa_steel_ingot"
    },
    "pa:steel_sickle": {
      "textures": "textures/items/pamobile/pa_steel_sickle"
    },
    "pa:steel_scrap": {
      "textures": "textures/items/pamobile/pa_steel_scrap"
    },
    "pa:iron_pike": {
      "textures": "textures/items/pamobile/pa_iron_pike"
    },
    "pa:iron_dagger": {
      "textures": "textures/items/pamobile/pa_iron_dagger"
    }
  }
}