{
  "format_version": "1.10",
  "minecraft:entity": {
    "description": {
      "identifier": "minecraft:player",
      "is_spawnable": false,
      "is_summonable": false,
      "is_experimental": false,
      "scripts": {
        "animate": [
          "walk"
        ]
      },
      "animations": {
        "walk": "controller.animation.walk"
      }
    },
    "component_groups": {
      "pamobile:respawn": {
        "minecraft:mark_variant": {
          "value": 99999
        },
        "minecraft:health": {
          "value": 20,
          "max": 20
        },
        "minecraft:movement": {
          "value": 0.1
        },
        "minecraft:attack": {
          "damage": 1
        },
        "minecraft:spell_effects": {
          "remove_effects": []
        }
      },
      "ammo:1": {
        "minecraft:mark_variant": {
          "value": 1
        }
      },
      "pa:iron_rapier": {
        "minecraft:health": {
          "value": 20,
          "max": 20
        },
        "minecraft:movement": {
          "value": 0.1
        },
        "minecraft:attack": {
          "damage": 6
        },
        "minecraft:spell_effects": {
          "add_effects": []
        }
      },
      "pa:iron_lance": {
        "minecraft:health": {
          "value": 18,
          "max": 18
        },
        "minecraft:movement": {
          "value": 0.11
        },
        "minecraft:attack": {
          "damage": 6
        },
        "minecraft:spell_effects": {
          "add_effects": []
        }
      },
      "pa:iron_greatsword": {
        "minecraft:health": {
          "value": 22,
          "max": 22
        },
        "minecraft:movement": {
          "value": 0.08
        },
        "minecraft:attack": {
          "damage": 8
        },
        "minecraft:spell_effects": {
          "add_effects": []
        }
      },
      "pa:iron_dagger": {
        "minecraft:health": {
          "value": 6,
          "max": 6
        },
        "minecraft:movement": {
          "value": 0.13
        },
        "minecraft:attack": {
          "damage": 11
        },
        "minecraft:spell_effects": {
          "add_effects": []
        }
      },
      "pa:iron_longsword": {
        "minecraft:health": {
          "value": 20,
          "max": 20
        },
        "minecraft:movement": {
          "value": 0.1
        },
        "minecraft:attack": {
          "damage": 7
        },
        "minecraft:spell_effects": {
          "add_effects": []
        }
      },
      "pa:iron_pike": {
        "minecraft:health": {
          "value": 16,
          "max": 16
        },
        "minecraft:movement": {
          "value": 0.13
        },
        "minecraft:attack": {
          "damage": 5
        },
        "minecraft:spell_effects": {
          "add_effects": []
        }
      },
      "pa:iron_hammer": {
        "minecraft:health": {
          "value": 20,
          "max": 20
        },
        "minecraft:movement": {
          "value": 0.09
        },
        "minecraft:attack": {
          "damage": 7
        },
        "minecraft:spell_effects": {
          "add_effects": []
        }
      },
      "pa:iron_knife": {
        "minecraft:health": {
          "value": 12,
          "max": 12
        },
        "minecraft:movement": {
          "value": 0.15
        },
        "minecraft:attack": {
          "damage": 3
        },
        "minecraft:spell_effects": {
          "add_effects": []
        }
      },
      "pa:iron_glaive": {
        "minecraft:health": {
          "value": 22,
          "max": 22
        },
        "minecraft:movement": {
          "value": 0.1
        },
        "minecraft:attack": {
          "damage": 6
        },
        "minecraft:spell_effects": {
          "add_effects": []
        }
      },
      "pa:steel_sword": {
        "minecraft:health": {
          "value": 20,
          "max": 20
        },
        "minecraft:movement": {
          "value": 0.1
        },
        "minecraft:attack": {
          "damage": 6
        },
        "minecraft:spell_effects": {
          "add_effects": []
        }
      },
      "pa:steel_mace": {
        "minecraft:health": {
          "value": 26,
          "max": 26
        },
        "minecraft:movement": {
          "value": 0.07
        },
        "minecraft:attack": {
          "damage": 7
        },
        "minecraft:spell_effects": {
          "add_effects": []
        }
      },
      "pa:steel_sickle": {
        "minecraft:health": {
          "value": 16,
          "max": 16
        },
        "minecraft:movement": {
          "value": 0.12
        },
        "minecraft:attack": {
          "damage": 6
        },
        "minecraft:spell_effects": {
          "add_effects": []
        }
      },
      "pa:steel_katana": {
        "minecraft:health": {
          "value": 14,
          "max": 14
        },
        "minecraft:movement": {
          "value": 0.11
        },
        "minecraft:attack": {
          "damage": 8
        },
        "minecraft:spell_effects": {
          "add_effects": []
        }
      }
    },
    "components": {
      "minecraft:type_family": {
        "family": [
          "player"
        ]
      },
      "minecraft:loot": {
        "table": "loot_tables/empty.json"
      },
      "minecraft:collision_box": {
        "width": 0.6,
        "height": 1.8
      },
      "minecraft:can_climb": {},
      "minecraft:movement": {
        "value": 0.1
      },
      "minecraft:environment_sensor": [
        {
          "on_environment": {
            "filters": {
              "any_of": [
                {
                  "test": "is_family",
                  "subject": "self",
                  "value": "player"
                }
              ]
            },
            "event": "pamobile:refresh_player"
          }
        },
        {
          "on_environment": {
            "filters": {
              "all_of": [
                {
                  "test": "has_equipment",
                  "subject": "self",
                  "domain": "hand",
                  "value": "pa:iron_rapier"
                }
              ]
            },
            "event": "pa:iron_rapier_event"
          }
        },
        {
          "on_environment": {
            "filters": {
              "all_of": [
                {
                  "test": "has_equipment",
                  "subject": "self",
                  "domain": "hand",
                  "value": "pa:iron_lance"
                }
              ]
            },
            "event": "pa:iron_lance_event"
          }
        },
        {
          "on_environment": {
            "filters": {
              "all_of": [
                {
                  "test": "has_equipment",
                  "subject": "self",
                  "domain": "hand",
                  "value": "pa:iron_greatsword"
                }
              ]
            },
            "event": "pa:iron_greatsword_event"
          }
        },
        {
          "on_environment": {
            "filters": {
              "all_of": [
                {
                  "test": "has_equipment",
                  "subject": "self",
                  "domain": "hand",
                  "value": "pa:iron_dagger"
                }
              ]
            },
            "event": "pa:iron_dagger_event"
          }
        },
        {
          "on_environment": {
            "filters": {
              "all_of": [
                {
                  "test": "has_equipment",
                  "subject": "self",
                  "domain": "hand",
                  "value": "pa:iron_longsword"
                }
              ]
            },
            "event": "pa:iron_longsword_event"
          }
        },
        {
          "on_environment": {
            "filters": {
              "all_of": [
                {
                  "test": "has_equipment",
                  "subject": "self",
                  "domain": "hand",
                  "value": "pa:iron_pike"
                }
              ]
            },
            "event": "pa:iron_pike_event"
          }
        },
        {
          "on_environment": {
            "filters": {
              "all_of": [
                {
                  "test": "has_equipment",
                  "subject": "self",
                  "domain": "hand",
                  "value": "pa:iron_hammer"
                }
              ]
            },
            "event": "pa:iron_hammer_event"
          }
        },
        {
          "on_environment": {
            "filters": {
              "all_of": [
                {
                  "test": "has_equipment",
                  "subject": "self",
                  "domain": "hand",
                  "value": "pa:iron_knife"
                }
              ]
            },
            "event": "pa:iron_knife_event"
          }
        },
        {
          "on_environment": {
            "filters": {
              "all_of": [
                {
                  "test": "has_equipment",
                  "subject": "self",
                  "domain": "hand",
                  "value": "pa:iron_glaive"
                }
              ]
            },
            "event": "pa:iron_glaive_event"
          }
        },
        {
          "on_environment": {
            "filters": {
              "all_of": [
                {
                  "test": "has_equipment",
                  "subject": "self",
                  "domain": "hand",
                  "value": "pa:steel_sword"
                }
              ]
            },
            "event": "pa:steel_sword_event"
          }
        },
        {
          "on_environment": {
            "filters": {
              "all_of": [
                {
                  "test": "has_equipment",
                  "subject": "self",
                  "domain": "hand",
                  "value": "pa:steel_mace"
                }
              ]
            },
            "event": "pa:steel_mace_event"
          }
        },
        {
          "on_environment": {
            "filters": {
              "all_of": [
                {
                  "test": "has_equipment",
                  "subject": "self",
                  "domain": "hand",
                  "value": "pa:steel_sickle"
                }
              ]
            },
            "event": "pa:steel_sickle_event"
          }
        },
        {
          "on_environment": {
            "filters": {
              "all_of": [
                {
                  "test": "has_equipment",
                  "subject": "self",
                  "domain": "hand",
                  "value": "pa:steel_katana"
                }
              ]
            },
            "event": "pa:steel_katana_event"
          }
        }
      ],
      "minecraft:player.saturation": {
        "value": 20
      },
      "minecraft:player.exhaustion": {
        "value": 0,
        "max": 4
      },
      "minecraft:player.level": {
        "value": 0,
        "max": 24791
      },
      "minecraft:player.experience": {
        "value": 0,
        "max": 1
      },
      "minecraft:breathable": {
        "totalSupply": 15,
        "suffocateTime": -1,
        "inhaleTime": 3.75,
        "generatesBubbles": false
      },
      "minecraft:nameable": {
        "alwaysShow": true,
        "allowNameTagRenaming": false
      },
      "minecraft:physics": {},
      "minecraft:insomnia": {
        "days_until_insomnia": 3
      },
      "minecraft:rideable": {
        "seat_count": 2,
        "family_types": [
          "parrot_tame"
        ],
        "pull_in_entities": true,
        "seats": [
          {
            "position": [
              0.4,
              -0.15,
              0.04
            ],
            "min_rider_count": 0,
            "max_rider_count": 0,
            "lock_rider_rotation": 0
          },
          {
            "position": [
              -0.4,
              -0.15,
              0.04
            ],
            "min_rider_count": 1,
            "max_rider_count": 2,
            "lock_rider_rotation": 0
          }
        ]
      },
      "minecraft:scaffolding_climber": {}
    },
    "events": {
      "pamobile:refresh_player": {
        "add": {
          "component_groups": [
            "pamobile:respawn"
          ]
        },
        "remove": {
          "component_groups": [
            "pa:iron_rapier",
            "pa:iron_lance",
            "pa:iron_greatsword",
            "pa:iron_dagger",
            "pa:iron_longsword",
            "pa:iron_pike",
            "pa:iron_hammer",
            "pa:iron_knife",
            "pa:iron_glaive",
            "pa:steel_sword",
            "pa:steel_mace",
            "pa:steel_sickle",
            "pa:steel_katana"
          ]
        }
      },
      "minecraft:entity_spawned": {
        "add": {
          "component_groups": [
            "pamobile:respawn"
          ]
        },
        "remove": {}
      },
      "ammo:1": {
        "remove": {
          "component_groups": [
            "ammo:1"
          ]
        },
        "add": {
          "component_groups": [
            "ammo:1"
          ]
        }
      },
      "ammo:2": {
        "remove": {
          "component_groups": [
            "ammo:2"
          ]
        },
        "add": {
          "component_groups": [
            "ammo:2"
          ]
        }
      },
      "pa:iron_rapier_event": {
        "add": {
          "component_groups": [
            "pa:iron_rapier"
          ]
        }
      },
      "pa:iron_lance_event": {
        "add": {
          "component_groups": [
            "pa:iron_lance"
          ]
        }
      },
      "pa:iron_greatsword_event": {
        "add": {
          "component_groups": [
            "pa:iron_greatsword"
          ]
        }
      },
      "pa:iron_dagger_event": {
        "add": {
          "component_groups": [
            "pa:iron_dagger"
          ]
        }
      },
      "pa:iron_longsword_event": {
        "add": {
          "component_groups": [
            "pa:iron_longsword"
          ]
        }
      },
      "pa:iron_pike_event": {
        "add": {
          "component_groups": [
            "pa:iron_pike"
          ]
        }
      },
      "pa:iron_hammer_event": {
        "add": {
          "component_groups": [
            "pa:iron_hammer"
          ]
        }
      },
      "pa:iron_knife_event": {
        "add": {
          "component_groups": [
            "pa:iron_knife"
          ]
        }
      },
      "pa:iron_glaive_event": {
        "add": {
          "component_groups": [
            "pa:iron_glaive"
          ]
        }
      },
      "pa:steel_sword_event": {
        "add": {
          "component_groups": [
            "pa:steel_sword"
          ]
        }
      },
      "pa:steel_mace_event": {
        "add": {
          "component_groups": [
            "pa:steel_mace"
          ]
        }
      },
      "pa:steel_sickle_event": {
        "add": {
          "component_groups": [
            "pa:steel_sickle"
          ]
        }
      },
      "pa:steel_katana_event": {
        "add": {
          "component_groups": [
            "pa:steel_katana"
          ]
        }
      }
    }
  }
}