{
  "format_version": "1.12",
  "minecraft:recipe_shaped": {
    "description": {
      "identifier": "iron_rapier_36c9e321"
    },
    "tags": [
      "crafting_table"
    ],
    "pattern": [
      "  A",
      "BA ",
      "CB "
    ],
    "key": {
      "A": {
        "item": "minecraft:iron_ingot",
        "data": 0
      },
      "B": {
        "item": "minecraft:iron_nugget",
        "data": 0
      },
      "C": {
        "item": "pa:metal_stick",
        "data": 0
      }
    },
    "result": {
      "item": "pa:iron_rapier",
      "count": 1
    }
  }
}