{
  "format_version": "1.12",
  "minecraft:recipe_shaped": {
    "description": {
      "identifier": "steel_katana_0ca24197"
    },
    "tags": [
      "crafting_table"
    ],
    "pattern": [
      "  A",
      " B ",
      "C  "
    ],
    "key": {
      "A": {
        "item": "pa:steel_scrap",
        "data": 0
      },
      "B": {
        "item": "pa:steel_ingot",
        "data": 0
      },
      "C": {
        "item": "pa:metal_stick",
        "data": 0
      }
    },
    "result": {
      "item": "pa:steel_katana",
      "count": 1
    }
  }
}